,precision,recall,f1-score,support
0,0.7948717948717948,1.0,0.8857142857142858,31.0
1,0.0,0.0,0.0,8.0
accuracy,0.7948717948717948,0.7948717948717948,0.7948717948717948,0.7948717948717948
macro avg,0.3974358974358974,0.5,0.4428571428571429,39.0
weighted avg,0.6318211702827087,0.7948717948717948,0.7040293040293041,39.0
