,precision,recall,f1-score,support
0,0.5714285714285714,0.4,0.47058823529411764,20.0
1,0.52,0.6842105263157895,0.5909090909090909,19.0
accuracy,0.5384615384615384,0.5384615384615384,0.5384615384615384,0.5384615384615384
macro avg,0.5457142857142857,0.5421052631578948,0.5307486631016043,39.0
weighted avg,0.5463736263736263,0.5384615384615384,0.5292060880296174,39.0
