,VarPerc,cumVarPerc
PC1,13.067307703208877,13.067307703208877
PC2,10.291755053178987,23.359062756387868
